{
	"credit": "Made with Blockbench",
	"parent": "tnt",
	"texture_size": [64, 64],
	"textures": {
		"0": "item/tntmm",
		"particle": "item/tntmm"
	},
	"elements": [
		{
			"from": [2, 0, 2],
			"to": [14, 11, 14],
			"faces": {
				"north": {"uv": [3, 0, 6, 2.75], "texture": "#0"},
				"east": {"uv": [3, 2.75, 6, 5.5], "texture": "#0"},
				"south": {"uv": [3, 5.5, 6, 8.25], "texture": "#0"},
				"west": {"uv": [0, 6, 3, 8.75], "texture": "#0"},
				"up": {"uv": [3, 3, 0, 0], "texture": "#0"},
				"down": {"uv": [3, 3, 0, 6], "texture": "#0"}
			}
		},
		{
			"from": [0, 0, 2],
			"to": [2, 11, 4],
			"rotation": {"angle": 22.5, "axis": "y", "origin": [0, 0, 0]},
			"faces": {
				"north": {"uv": [6, 0, 6.5, 2.75], "texture": "#0"},
				"east": {"uv": [6, 2.75, 6.5, 5.5], "texture": "#0"},
				"south": {"uv": [6, 5.5, 6.5, 8.25], "texture": "#0"},
				"west": {"uv": [6.5, 0, 7, 2.75], "texture": "#0"},
				"up": {"uv": [4, 8.75, 3.5, 8.25], "texture": "#0"},
				"down": {"uv": [4.5, 8.25, 4, 8.75], "texture": "#0"}
			}
		},
		{
			"from": [12, 0, -4],
			"to": [14, 11, -2],
			"rotation": {"angle": -22.5, "axis": "y", "origin": [0, 0, 0]},
			"faces": {
				"north": {"uv": [6.5, 2.75, 7, 5.5], "texture": "#0"},
				"east": {"uv": [6.5, 5.5, 7, 8.25], "texture": "#0"},
				"south": {"uv": [7, 0, 7.5, 2.75], "texture": "#0"},
				"west": {"uv": [7, 2.75, 7.5, 5.5], "texture": "#0"},
				"up": {"uv": [5, 8.75, 4.5, 8.25], "texture": "#0"},
				"down": {"uv": [5.5, 8.25, 5, 8.75], "texture": "#0"}
			}
		},
		{
			"from": [-4, 0, 13],
			"to": [-2, 11, 15],
			"rotation": {"angle": 22.5, "axis": "y", "origin": [0, 0, 0]},
			"faces": {
				"north": {"uv": [7, 5.5, 7.5, 8.25], "texture": "#0"},
				"east": {"uv": [7.5, 0, 8, 2.75], "texture": "#0"},
				"south": {"uv": [7.5, 2.75, 8, 5.5], "texture": "#0"},
				"west": {"uv": [7.5, 5.5, 8, 8.25], "texture": "#0"},
				"up": {"uv": [6, 8.75, 5.5, 8.25], "texture": "#0"},
				"down": {"uv": [6.5, 8.25, 6, 8.75], "texture": "#0"}
			}
		},
		{
			"from": [17, 0, 7],
			"to": [19, 11, 9],
			"rotation": {"angle": -22.5, "axis": "y", "origin": [0, 0, 0]},
			"faces": {
				"north": {"uv": [8, 0, 8.5, 2.75], "texture": "#0"},
				"east": {"uv": [8, 2.75, 8.5, 5.5], "texture": "#0"},
				"south": {"uv": [8, 5.5, 8.5, 8.25], "texture": "#0"},
				"west": {"uv": [3, 8.25, 3.5, 11], "texture": "#0"},
				"up": {"uv": [7, 8.75, 6.5, 8.25], "texture": "#0"},
				"down": {"uv": [7.5, 8.25, 7, 8.75], "texture": "#0"}
			}
		},
		{
			"from": [7, 11, 8],
			"to": [8, 12, 9],
			"faces": {
				"north": {"uv": [8.5, 0.5, 8.75, 0.75], "texture": "#0"},
				"east": {"uv": [8.5, 0.75, 8.75, 1], "texture": "#0"},
				"south": {"uv": [8.5, 1, 8.75, 1.25], "texture": "#0"},
				"west": {"uv": [8.5, 1.25, 8.75, 1.5], "texture": "#0"},
				"up": {"uv": [8.75, 1.75, 8.5, 1.5], "texture": "#0"},
				"down": {"uv": [8.75, 1.75, 8.5, 2], "texture": "#0"}
			}
		},
		{
			"from": [7, 12, 9],
			"to": [8, 13, 10],
			"faces": {
				"north": {"uv": [8.5, 2, 8.75, 2.25], "texture": "#0"},
				"east": {"uv": [8.5, 2.25, 8.75, 2.5], "texture": "#0"},
				"south": {"uv": [8.5, 2.5, 8.75, 2.75], "texture": "#0"},
				"west": {"uv": [8.5, 2.75, 8.75, 3], "texture": "#0"},
				"up": {"uv": [8.75, 3.25, 8.5, 3], "texture": "#0"},
				"down": {"uv": [8.75, 3.25, 8.5, 3.5], "texture": "#0"}
			}
		},
		{
			"from": [7, 11, 10],
			"to": [8, 12, 11],
			"faces": {
				"north": {"uv": [8.5, 3.5, 8.75, 3.75], "texture": "#0"},
				"east": {"uv": [8.5, 3.75, 8.75, 4], "texture": "#0"},
				"south": {"uv": [8.5, 4, 8.75, 4.25], "texture": "#0"},
				"west": {"uv": [8.5, 4.25, 8.75, 4.5], "texture": "#0"},
				"up": {"uv": [8.75, 4.75, 8.5, 4.5], "texture": "#0"},
				"down": {"uv": [8.75, 4.75, 8.5, 5], "texture": "#0"}
			}
		},
		{
			"from": [7, 11, 11],
			"to": [8, 12, 12],
			"faces": {
				"north": {"uv": [8.5, 5, 8.75, 5.25], "texture": "#0"},
				"east": {"uv": [8.5, 5.25, 8.75, 5.5], "texture": "#0"},
				"south": {"uv": [8.5, 5.5, 8.75, 5.75], "texture": "#0"},
				"west": {"uv": [8.5, 5.75, 8.75, 6], "texture": "#0"},
				"up": {"uv": [8.75, 6.25, 8.5, 6], "texture": "#0"},
				"down": {"uv": [8.75, 6.25, 8.5, 6.5], "texture": "#0"}
			}
		},
		{
			"from": [7, 11, 12],
			"to": [8, 12, 13],
			"faces": {
				"north": {"uv": [8.5, 6.5, 8.75, 6.75], "texture": "#0"},
				"east": {"uv": [8.5, 6.75, 8.75, 7], "texture": "#0"},
				"south": {"uv": [8.5, 7, 8.75, 7.25], "texture": "#0"},
				"west": {"uv": [8.5, 7.25, 8.75, 7.5], "texture": "#0"},
				"up": {"uv": [7.75, 8.75, 7.5, 8.5], "texture": "#0"},
				"down": {"uv": [8.75, 7.5, 8.5, 7.75], "texture": "#0"}
			}
		},
		{
			"from": [7, 11, 13],
			"to": [8, 12, 14],
			"faces": {
				"north": {"uv": [7.75, 8.5, 8, 8.75], "texture": "#0"},
				"east": {"uv": [8.5, 7.75, 8.75, 8], "texture": "#0"},
				"south": {"uv": [8, 8.5, 8.25, 8.75], "texture": "#0"},
				"west": {"uv": [8.5, 8, 8.75, 8.25], "texture": "#0"},
				"up": {"uv": [8.5, 8.75, 8.25, 8.5], "texture": "#0"},
				"down": {"uv": [8.75, 8.25, 8.5, 8.5], "texture": "#0"}
			}
		},
		{
			"from": [7, 11, 14],
			"to": [8, 12, 15],
			"faces": {
				"north": {"uv": [8.5, 8.5, 8.75, 8.75], "texture": "#0"},
				"east": {"uv": [0, 8.75, 0.25, 9], "texture": "#0"},
				"south": {"uv": [8.75, 0, 9, 0.25], "texture": "#0"},
				"west": {"uv": [0.25, 8.75, 0.5, 9], "texture": "#0"},
				"up": {"uv": [9, 0.5, 8.75, 0.25], "texture": "#0"},
				"down": {"uv": [0.75, 8.75, 0.5, 9], "texture": "#0"}
			}
		},
		{
			"from": [7, 10, 14],
			"to": [8, 11, 15],
			"faces": {
				"north": {"uv": [8.75, 0.5, 9, 0.75], "texture": "#0"},
				"east": {"uv": [0.75, 8.75, 1, 9], "texture": "#0"},
				"south": {"uv": [8.75, 0.75, 9, 1], "texture": "#0"},
				"west": {"uv": [1, 8.75, 1.25, 9], "texture": "#0"},
				"up": {"uv": [9, 1.25, 8.75, 1], "texture": "#0"},
				"down": {"uv": [1.5, 8.75, 1.25, 9], "texture": "#0"}
			}
		},
		{
			"from": [7, 9, 14],
			"to": [8, 10, 15],
			"faces": {
				"north": {"uv": [7.5, 8.25, 7.75, 8.5], "texture": "#0"},
				"east": {"uv": [7.75, 8.25, 8, 8.5], "texture": "#0"},
				"south": {"uv": [8, 8.25, 8.25, 8.5], "texture": "#0"},
				"west": {"uv": [8.25, 8.25, 8.5, 8.5], "texture": "#0"},
				"up": {"uv": [8.75, 0.25, 8.5, 0], "texture": "#0"},
				"down": {"uv": [8.75, 0.25, 8.5, 0.5], "texture": "#0"}
			}
		}
	],
	"display": {
		"thirdperson_righthand": {
			"scale": [0.51, 0.51, 0.51]
		},
		"thirdperson_lefthand": {
			"scale": [0.51, 0.51, 0.51]
		},
		"gui": {
			"translation": [0.25, 1.75, 0]
		}
	}
}